{"revision":"1db798f4ae93e66eddd2b494676ab21c752ec4ea","storyResults":[{"title":"start","timings":{"connectStart":1683285033446,"navigationStart":1683285033444,"secureConnectionStart":0,"fetchStart":1683285033446,"domContentLoadedEventStart":1683285033653,"responseStart":1683285033448,"domInteractive":1683285033466,"domainLookupEnd":1683285033446,"responseEnd":1683285033449,"redirectStart":0,"requestStart":1683285033447,"unloadEventEnd":0,"unloadEventStart":0,"domLoading":1683285033455,"domComplete":1683285033655,"domainLookupStart":1683285033446,"loadEventStart":1683285033655,"domContentLoadedEventEnd":1683285033653,"loadEventEnd":1683285033655,"redirectEnd":0,"connectEnd":1683285033446},"heap":177901,"metrics":{"Timestamp":21456.848086,"Documents":3,"Frames":2,"JSEventListeners":2258,"Nodes":3222,"LayoutCount":10,"RecalcStyleCount":15,"LayoutDuration":0.063572,"RecalcStyleDuration":0.04312,"ScriptDuration":0.802675,"TaskDuration":1.57426,"JSHeapUsedSize":17202220,"JSHeapTotalSize":19783680}},{"title":"Popup closed","timings":{"connectStart":1683285033446,"navigationStart":1683285033444,"secureConnectionStart":0,"fetchStart":1683285033446,"domContentLoadedEventStart":1683285033653,"responseStart":1683285033448,"domInteractive":1683285033466,"domainLookupEnd":1683285033446,"responseEnd":1683285033449,"redirectStart":0,"requestStart":1683285033447,"unloadEventEnd":0,"unloadEventStart":0,"domLoading":1683285033455,"domComplete":1683285033655,"domainLookupStart":1683285033446,"loadEventStart":1683285033655,"domContentLoadedEventEnd":1683285033653,"loadEventEnd":1683285033655,"redirectEnd":0,"connectEnd":1683285033446},"heap":259148,"metrics":{"Timestamp":21457.904641,"Documents":2,"Frames":2,"JSEventListeners":2233,"Nodes":3194,"LayoutCount":11,"RecalcStyleCount":17,"LayoutDuration":0.073186,"RecalcStyleDuration":0.049546,"ScriptDuration":0.973667,"TaskDuration":2.607096,"JSHeapUsedSize":21666808,"JSHeapTotalSize":24043520}},{"title":"marker clicked","timings":{"connectStart":1683285033446,"navigationStart":1683285033444,"secureConnectionStart":0,"fetchStart":1683285033446,"domContentLoadedEventStart":1683285033653,"responseStart":1683285033448,"domInteractive":1683285033466,"domainLookupEnd":1683285033446,"responseEnd":1683285033449,"redirectStart":0,"requestStart":1683285033447,"unloadEventEnd":0,"unloadEventStart":0,"domLoading":1683285033455,"domComplete":1683285033655,"domainLookupStart":1683285033446,"loadEventStart":1683285033655,"domContentLoadedEventEnd":1683285033653,"loadEventEnd":1683285033655,"redirectEnd":0,"connectEnd":1683285033446},"heap":259137,"metrics":{"Timestamp":21457.527108,"Documents":2,"Frames":2,"JSEventListeners":2233,"Nodes":3194,"LayoutCount":11,"RecalcStyleCount":17,"LayoutDuration":0.073186,"RecalcStyleDuration":0.049546,"ScriptDuration":0.973567,"TaskDuration":2.234236,"JSHeapUsedSize":21790996,"JSHeapTotalSize":24043520}},{"title":"marker2 clicked","timings":{"connectStart":1683285033446,"navigationStart":1683285033444,"secureConnectionStart":0,"fetchStart":1683285033446,"domContentLoadedEventStart":1683285033653,"responseStart":1683285033448,"domInteractive":1683285033466,"domainLookupEnd":1683285033446,"responseEnd":1683285033449,"redirectStart":0,"requestStart":1683285033447,"unloadEventEnd":0,"unloadEventStart":0,"domLoading":1683285033455,"domComplete":1683285033655,"domainLookupStart":1683285033446,"loadEventStart":1683285033655,"domContentLoadedEventEnd":1683285033653,"loadEventEnd":1683285033655,"redirectEnd":0,"connectEnd":1683285033446},"heap":263830,"metrics":{"Timestamp":21458.541074,"Documents":2,"Frames":2,"JSEventListeners":2233,"Nodes":3189,"LayoutCount":12,"RecalcStyleCount":22,"LayoutDuration":0.073318,"RecalcStyleDuration":0.055954,"ScriptDuration":1.119647,"TaskDuration":3.236493,"JSHeapUsedSize":21618036,"JSHeapTotalSize":25108480}},{"title":"input filled","timings":{"connectStart":1683285033446,"navigationStart":1683285033444,"secureConnectionStart":0,"fetchStart":1683285033446,"domContentLoadedEventStart":1683285033653,"responseStart":1683285033448,"domInteractive":1683285033466,"domainLookupEnd":1683285033446,"responseEnd":1683285033449,"redirectStart":0,"requestStart":1683285033447,"unloadEventEnd":0,"unloadEventStart":0,"domLoading":1683285033455,"domComplete":1683285033655,"domainLookupStart":1683285033446,"loadEventStart":1683285033655,"domContentLoadedEventEnd":1683285033653,"loadEventEnd":1683285033655,"redirectEnd":0,"connectEnd":1683285033446},"heap":99977,"metrics":{"Timestamp":21464.617272,"Documents":2,"Frames":2,"JSEventListeners":779,"Nodes":845,"LayoutCount":26,"RecalcStyleCount":58,"LayoutDuration":0.080605,"RecalcStyleDuration":0.07272,"ScriptDuration":1.456347,"TaskDuration":4.028156,"JSHeapUsedSize":13544068,"JSHeapTotalSize":16588800}},{"title":"List selected","timings":{"connectStart":1683285033446,"navigationStart":1683285033444,"secureConnectionStart":0,"fetchStart":1683285033446,"domContentLoadedEventStart":1683285033653,"responseStart":1683285033448,"domInteractive":1683285033466,"domainLookupEnd":1683285033446,"responseEnd":1683285033449,"redirectStart":0,"requestStart":1683285033447,"unloadEventEnd":0,"unloadEventStart":0,"domLoading":1683285033455,"domComplete":1683285033655,"domainLookupStart":1683285033446,"loadEventStart":1683285033655,"domContentLoadedEventEnd":1683285033653,"loadEventEnd":1683285033655,"redirectEnd":0,"connectEnd":1683285033446},"heap":99986,"metrics":{"Timestamp":21464.798716,"Documents":2,"Frames":2,"JSEventListeners":779,"Nodes":845,"LayoutCount":26,"RecalcStyleCount":58,"LayoutDuration":0.080605,"RecalcStyleDuration":0.07272,"ScriptDuration":1.456523,"TaskDuration":4.204577,"JSHeapUsedSize":13738340,"JSHeapTotalSize":15540224}}],"lhrResults":{"lhrScores":{"performance":0.41,"accessibility":0.89,"best-practices":0.83,"seo":0.94,"pwa":0.56}}}