{"revision":"22ae84ad499cd543113b8c156929640e0e6ffe09","storyResults":[{"title":"start","timings":{"connectStart":1683285707604,"navigationStart":1683285707602,"secureConnectionStart":0,"fetchStart":1683285707604,"domContentLoadedEventStart":1683285707803,"responseStart":1683285707607,"domInteractive":1683285707619,"domainLookupEnd":1683285707604,"responseEnd":1683285707607,"redirectStart":0,"requestStart":1683285707606,"unloadEventEnd":0,"unloadEventStart":0,"domLoading":1683285707612,"domComplete":1683285707805,"domainLookupStart":1683285707604,"loadEventStart":1683285707805,"domContentLoadedEventEnd":1683285707803,"loadEventEnd":1683285707805,"redirectEnd":0,"connectEnd":1683285707604},"heap":150415,"metrics":{"Timestamp":22130.358376,"Documents":2,"Frames":2,"JSEventListeners":2232,"Nodes":3156,"LayoutCount":8,"RecalcStyleCount":22,"LayoutDuration":0.039837,"RecalcStyleDuration":0.021691,"ScriptDuration":0.414373,"TaskDuration":0.959394,"JSHeapUsedSize":13229788,"JSHeapTotalSize":15216640}},{"title":"Popup closed","timings":{"connectStart":1683285707604,"navigationStart":1683285707602,"secureConnectionStart":0,"fetchStart":1683285707604,"domContentLoadedEventStart":1683285707803,"responseStart":1683285707607,"domInteractive":1683285707619,"domainLookupEnd":1683285707604,"responseEnd":1683285707607,"redirectStart":0,"requestStart":1683285707606,"unloadEventEnd":0,"unloadEventStart":0,"domLoading":1683285707612,"domComplete":1683285707805,"domainLookupStart":1683285707604,"loadEventStart":1683285707805,"domContentLoadedEventEnd":1683285707803,"loadEventEnd":1683285707805,"redirectEnd":0,"connectEnd":1683285707604},"heap":231847,"metrics":{"Timestamp":22131.406375,"Documents":2,"Frames":2,"JSEventListeners":2233,"Nodes":3170,"LayoutCount":9,"RecalcStyleCount":24,"LayoutDuration":0.048693,"RecalcStyleDuration":0.028095,"ScriptDuration":0.592761,"TaskDuration":1.9846,"JSHeapUsedSize":17720624,"JSHeapTotalSize":19738624}},{"title":"marker clicked","timings":{"connectStart":1683285707604,"navigationStart":1683285707602,"secureConnectionStart":0,"fetchStart":1683285707604,"domContentLoadedEventStart":1683285707803,"responseStart":1683285707607,"domInteractive":1683285707619,"domainLookupEnd":1683285707604,"responseEnd":1683285707607,"redirectStart":0,"requestStart":1683285707606,"unloadEventEnd":0,"unloadEventStart":0,"domLoading":1683285707612,"domComplete":1683285707805,"domainLookupStart":1683285707604,"loadEventStart":1683285707805,"domContentLoadedEventEnd":1683285707803,"loadEventEnd":1683285707805,"redirectEnd":0,"connectEnd":1683285707604},"heap":231836,"metrics":{"Timestamp":22131.051571,"Documents":2,"Frames":2,"JSEventListeners":2233,"Nodes":3170,"LayoutCount":9,"RecalcStyleCount":24,"LayoutDuration":0.048693,"RecalcStyleDuration":0.028095,"ScriptDuration":0.592587,"TaskDuration":1.633874,"JSHeapUsedSize":17909876,"JSHeapTotalSize":19738624}},{"title":"marker2 clicked","timings":{"connectStart":1683285707604,"navigationStart":1683285707602,"secureConnectionStart":0,"fetchStart":1683285707604,"domContentLoadedEventStart":1683285707803,"responseStart":1683285707607,"domInteractive":1683285707619,"domainLookupEnd":1683285707604,"responseEnd":1683285707607,"redirectStart":0,"requestStart":1683285707606,"unloadEventEnd":0,"unloadEventStart":0,"domLoading":1683285707612,"domComplete":1683285707805,"domainLookupStart":1683285707604,"loadEventStart":1683285707805,"domContentLoadedEventEnd":1683285707803,"loadEventEnd":1683285707805,"redirectEnd":0,"connectEnd":1683285707604},"heap":250841,"metrics":{"Timestamp":22132.077828,"Documents":2,"Frames":2,"JSEventListeners":2233,"Nodes":3169,"LayoutCount":10,"RecalcStyleCount":29,"LayoutDuration":0.048819,"RecalcStyleDuration":0.034572,"ScriptDuration":0.740762,"TaskDuration":2.650203,"JSHeapUsedSize":19267952,"JSHeapTotalSize":21651456}},{"title":"input filled","timings":{"connectStart":1683285707604,"navigationStart":1683285707602,"secureConnectionStart":0,"fetchStart":1683285707604,"domContentLoadedEventStart":1683285707803,"responseStart":1683285707607,"domInteractive":1683285707619,"domainLookupEnd":1683285707604,"responseEnd":1683285707607,"redirectStart":0,"requestStart":1683285707606,"unloadEventEnd":0,"unloadEventStart":0,"domLoading":1683285707612,"domComplete":1683285707805,"domainLookupStart":1683285707604,"loadEventStart":1683285707805,"domContentLoadedEventEnd":1683285707803,"loadEventEnd":1683285707805,"redirectEnd":0,"connectEnd":1683285707604},"heap":90908,"metrics":{"Timestamp":22138.100117,"Documents":2,"Frames":2,"JSEventListeners":616,"Nodes":777,"LayoutCount":15,"RecalcStyleCount":37,"LayoutDuration":0.052932,"RecalcStyleDuration":0.04802,"ScriptDuration":1.065275,"TaskDuration":3.289966,"JSHeapUsedSize":10660140,"JSHeapTotalSize":12881920}},{"title":"List selected","timings":{"connectStart":1683285707604,"navigationStart":1683285707602,"secureConnectionStart":0,"fetchStart":1683285707604,"domContentLoadedEventStart":1683285707803,"responseStart":1683285707607,"domInteractive":1683285707619,"domainLookupEnd":1683285707604,"responseEnd":1683285707607,"redirectStart":0,"requestStart":1683285707606,"unloadEventEnd":0,"unloadEventStart":0,"domLoading":1683285707612,"domComplete":1683285707805,"domainLookupStart":1683285707604,"loadEventStart":1683285707805,"domContentLoadedEventEnd":1683285707803,"loadEventEnd":1683285707805,"redirectEnd":0,"connectEnd":1683285707604},"heap":90919,"metrics":{"Timestamp":22138.267407,"Documents":2,"Frames":2,"JSEventListeners":616,"Nodes":777,"LayoutCount":15,"RecalcStyleCount":37,"LayoutDuration":0.052932,"RecalcStyleDuration":0.04802,"ScriptDuration":1.065431,"TaskDuration":3.452143,"JSHeapUsedSize":10660016,"JSHeapTotalSize":12619776}}],"lhrResults":{"lhrScores":{"performance":0.41,"accessibility":0.89,"best-practices":0.83,"seo":0.94,"pwa":0.56}}}