{"revision":"3e8d2743a6b89bf35f38820ccaeb58987fa25b3e","storyResults":[{"title":"start","timings":{"connectStart":1683283070302,"navigationStart":1683283070300,"secureConnectionStart":0,"fetchStart":1683283070302,"domContentLoadedEventStart":1683283070513,"responseStart":1683283070307,"domInteractive":1683283070333,"domainLookupEnd":1683283070302,"responseEnd":1683283070309,"redirectStart":0,"requestStart":1683283070305,"unloadEventEnd":0,"unloadEventStart":0,"domLoading":1683283070314,"domComplete":1683283070514,"domainLookupStart":1683283070302,"loadEventStart":1683283070514,"domContentLoadedEventEnd":1683283070513,"loadEventEnd":1683283070514,"redirectEnd":0,"connectEnd":1683283070302},"heap":150547,"metrics":{"Timestamp":19493.016025,"Documents":2,"Frames":2,"JSEventListeners":2232,"Nodes":3156,"LayoutCount":8,"RecalcStyleCount":19,"LayoutDuration":0.042755,"RecalcStyleDuration":0.02216,"ScriptDuration":0.433644,"TaskDuration":1.018681,"JSHeapUsedSize":13187212,"JSHeapTotalSize":15745024}},{"title":"Popup closed","timings":{"connectStart":1683283070302,"navigationStart":1683283070300,"secureConnectionStart":0,"fetchStart":1683283070302,"domContentLoadedEventStart":1683283070513,"responseStart":1683283070307,"domInteractive":1683283070333,"domainLookupEnd":1683283070302,"responseEnd":1683283070309,"redirectStart":0,"requestStart":1683283070305,"unloadEventEnd":0,"unloadEventStart":0,"domLoading":1683283070314,"domComplete":1683283070514,"domainLookupStart":1683283070302,"loadEventStart":1683283070514,"domContentLoadedEventEnd":1683283070513,"loadEventEnd":1683283070514,"redirectEnd":0,"connectEnd":1683283070302},"heap":232230,"metrics":{"Timestamp":19494.254556,"Documents":2,"Frames":2,"JSEventListeners":2372,"Nodes":3204,"LayoutCount":16,"RecalcStyleCount":42,"LayoutDuration":0.057678,"RecalcStyleDuration":0.041201,"ScriptDuration":0.624587,"TaskDuration":2.236484,"JSHeapUsedSize":17875556,"JSHeapTotalSize":20262912}},{"title":"marker clicked","timings":{"connectStart":1683283070302,"navigationStart":1683283070300,"secureConnectionStart":0,"fetchStart":1683283070302,"domContentLoadedEventStart":1683283070513,"responseStart":1683283070307,"domInteractive":1683283070333,"domainLookupEnd":1683283070302,"responseEnd":1683283070309,"redirectStart":0,"requestStart":1683283070305,"unloadEventEnd":0,"unloadEventStart":0,"domLoading":1683283070314,"domComplete":1683283070514,"domainLookupStart":1683283070302,"loadEventStart":1683283070514,"domContentLoadedEventEnd":1683283070513,"loadEventEnd":1683283070514,"redirectEnd":0,"connectEnd":1683283070302},"heap":232218,"metrics":{"Timestamp":19493.872874,"Documents":2,"Frames":2,"JSEventListeners":2372,"Nodes":3204,"LayoutCount":16,"RecalcStyleCount":42,"LayoutDuration":0.057678,"RecalcStyleDuration":0.041201,"ScriptDuration":0.624487,"TaskDuration":1.859446,"JSHeapUsedSize":17931168,"JSHeapTotalSize":20000768}},{"title":"marker2 clicked","timings":{"connectStart":1683283070302,"navigationStart":1683283070300,"secureConnectionStart":0,"fetchStart":1683283070302,"domContentLoadedEventStart":1683283070513,"responseStart":1683283070307,"domInteractive":1683283070333,"domainLookupEnd":1683283070302,"responseEnd":1683283070309,"redirectStart":0,"requestStart":1683283070305,"unloadEventEnd":0,"unloadEventStart":0,"domLoading":1683283070314,"domComplete":1683283070514,"domainLookupStart":1683283070302,"loadEventStart":1683283070514,"domContentLoadedEventEnd":1683283070513,"loadEventEnd":1683283070514,"redirectEnd":0,"connectEnd":1683283070302},"heap":251159,"metrics":{"Timestamp":19494.918485,"Documents":2,"Frames":2,"JSEventListeners":2372,"Nodes":3199,"LayoutCount":18,"RecalcStyleCount":49,"LayoutDuration":0.058016,"RecalcStyleDuration":0.051462,"ScriptDuration":0.783618,"TaskDuration":2.895277,"JSHeapUsedSize":19319924,"JSHeapTotalSize":21651456}},{"title":"input filled","timings":{"connectStart":1683283070302,"navigationStart":1683283070300,"secureConnectionStart":0,"fetchStart":1683283070302,"domContentLoadedEventStart":1683283070513,"responseStart":1683283070307,"domInteractive":1683283070333,"domainLookupEnd":1683283070302,"responseEnd":1683283070309,"redirectStart":0,"requestStart":1683283070305,"unloadEventEnd":0,"unloadEventStart":0,"domLoading":1683283070314,"domComplete":1683283070514,"domainLookupStart":1683283070302,"loadEventStart":1683283070514,"domContentLoadedEventEnd":1683283070513,"loadEventEnd":1683283070514,"redirectEnd":0,"connectEnd":1683283070302},"heap":94094,"metrics":{"Timestamp":19500.949617,"Documents":2,"Frames":2,"JSEventListeners":784,"Nodes":832,"LayoutCount":26,"RecalcStyleCount":70,"LayoutDuration":0.062235,"RecalcStyleDuration":0.066809,"ScriptDuration":1.118577,"TaskDuration":3.593114,"JSHeapUsedSize":11076996,"JSHeapTotalSize":12894208}},{"title":"List selected","timings":{"connectStart":1683283070302,"navigationStart":1683283070300,"secureConnectionStart":0,"fetchStart":1683283070302,"domContentLoadedEventStart":1683283070513,"responseStart":1683283070307,"domInteractive":1683283070333,"domainLookupEnd":1683283070302,"responseEnd":1683283070309,"redirectStart":0,"requestStart":1683283070305,"unloadEventEnd":0,"unloadEventStart":0,"domLoading":1683283070314,"domComplete":1683283070514,"domainLookupStart":1683283070302,"loadEventStart":1683283070514,"domContentLoadedEventEnd":1683283070513,"loadEventEnd":1683283070514,"redirectEnd":0,"connectEnd":1683283070302},"heap":94105,"metrics":{"Timestamp":19501.117335,"Documents":2,"Frames":2,"JSEventListeners":784,"Nodes":832,"LayoutCount":26,"RecalcStyleCount":70,"LayoutDuration":0.062235,"RecalcStyleDuration":0.066809,"ScriptDuration":1.118784,"TaskDuration":3.755893,"JSHeapUsedSize":11033200,"JSHeapTotalSize":13156352}}],"lhrResults":{"lhrScores":{"performance":0.44,"accessibility":0.89,"best-practices":0.83,"seo":0.94,"pwa":0.56}}}