{"revision":"4278200c62620f410b0f750bd1dd1c4ec659d2da","storyResults":[{"title":"start","timings":{"connectStart":1683281048258,"navigationStart":1683281048256,"secureConnectionStart":0,"fetchStart":1683281048258,"domContentLoadedEventStart":1683281048469,"responseStart":1683281048260,"domInteractive":1683281048282,"domainLookupEnd":1683281048258,"responseEnd":1683281048263,"redirectStart":0,"requestStart":1683281048259,"unloadEventEnd":0,"unloadEventStart":0,"domLoading":1683281048270,"domComplete":1683281048470,"domainLookupStart":1683281048258,"loadEventStart":1683281048470,"domContentLoadedEventEnd":1683281048469,"loadEventEnd":1683281048470,"redirectEnd":0,"connectEnd":1683281048258},"heap":177406,"metrics":{"Timestamp":17471.544002,"Documents":3,"Frames":2,"JSEventListeners":2251,"Nodes":3208,"LayoutCount":10,"RecalcStyleCount":22,"LayoutDuration":0.060486,"RecalcStyleDuration":0.033726,"ScriptDuration":0.816102,"TaskDuration":1.633891,"JSHeapUsedSize":17134244,"JSHeapTotalSize":20045824}},{"title":"Popup closed","timings":{"connectStart":1683281048258,"navigationStart":1683281048256,"secureConnectionStart":0,"fetchStart":1683281048258,"domContentLoadedEventStart":1683281048469,"responseStart":1683281048260,"domInteractive":1683281048282,"domainLookupEnd":1683281048258,"responseEnd":1683281048263,"redirectStart":0,"requestStart":1683281048259,"unloadEventEnd":0,"unloadEventStart":0,"domLoading":1683281048270,"domComplete":1683281048470,"domainLookupStart":1683281048258,"loadEventStart":1683281048470,"domContentLoadedEventEnd":1683281048469,"loadEventEnd":1683281048470,"redirectEnd":0,"connectEnd":1683281048258},"heap":258871,"metrics":{"Timestamp":17472.978461,"Documents":2,"Frames":2,"JSEventListeners":2372,"Nodes":3204,"LayoutCount":20,"RecalcStyleCount":42,"LayoutDuration":0.153753,"RecalcStyleDuration":0.069812,"ScriptDuration":1.014258,"TaskDuration":3.045628,"JSHeapUsedSize":21635600,"JSHeapTotalSize":24039424}},{"title":"marker clicked","timings":{"connectStart":1683281048258,"navigationStart":1683281048256,"secureConnectionStart":0,"fetchStart":1683281048258,"domContentLoadedEventStart":1683281048469,"responseStart":1683281048260,"domInteractive":1683281048282,"domainLookupEnd":1683281048258,"responseEnd":1683281048263,"redirectStart":0,"requestStart":1683281048259,"unloadEventEnd":0,"unloadEventStart":0,"domLoading":1683281048270,"domComplete":1683281048470,"domainLookupStart":1683281048258,"loadEventStart":1683281048470,"domContentLoadedEventEnd":1683281048469,"loadEventEnd":1683281048470,"redirectEnd":0,"connectEnd":1683281048258},"heap":258858,"metrics":{"Timestamp":17472.561545,"Documents":2,"Frames":2,"JSEventListeners":2372,"Nodes":3204,"LayoutCount":20,"RecalcStyleCount":42,"LayoutDuration":0.153753,"RecalcStyleDuration":0.069812,"ScriptDuration":1.014147,"TaskDuration":2.63441,"JSHeapUsedSize":21653800,"JSHeapTotalSize":24039424}},{"title":"marker2 clicked","timings":{"connectStart":1683281048258,"navigationStart":1683281048256,"secureConnectionStart":0,"fetchStart":1683281048258,"domContentLoadedEventStart":1683281048469,"responseStart":1683281048260,"domInteractive":1683281048282,"domainLookupEnd":1683281048258,"responseEnd":1683281048263,"redirectStart":0,"requestStart":1683281048259,"unloadEventEnd":0,"unloadEventStart":0,"domLoading":1683281048270,"domComplete":1683281048470,"domainLookupStart":1683281048258,"loadEventStart":1683281048470,"domContentLoadedEventEnd":1683281048469,"loadEventEnd":1683281048470,"redirectEnd":0,"connectEnd":1683281048258},"heap":263804,"metrics":{"Timestamp":17473.758379,"Documents":2,"Frames":2,"JSEventListeners":2372,"Nodes":3199,"LayoutCount":22,"RecalcStyleCount":49,"LayoutDuration":0.154089,"RecalcStyleDuration":0.076819,"ScriptDuration":1.120542,"TaskDuration":3.81963,"JSHeapUsedSize":21640148,"JSHeapTotalSize":24059904}},{"title":"input filled","timings":{"connectStart":1683281048258,"navigationStart":1683281048256,"secureConnectionStart":0,"fetchStart":1683281048258,"domContentLoadedEventStart":1683281048469,"responseStart":1683281048260,"domInteractive":1683281048282,"domainLookupEnd":1683281048258,"responseEnd":1683281048263,"redirectStart":0,"requestStart":1683281048259,"unloadEventEnd":0,"unloadEventStart":0,"domLoading":1683281048270,"domComplete":1683281048470,"domainLookupStart":1683281048258,"loadEventStart":1683281048470,"domContentLoadedEventEnd":1683281048469,"loadEventEnd":1683281048470,"redirectEnd":0,"connectEnd":1683281048258},"heap":106006,"metrics":{"Timestamp":17479.821772,"Documents":2,"Frames":2,"JSEventListeners":828,"Nodes":916,"LayoutCount":30,"RecalcStyleCount":68,"LayoutDuration":0.159234,"RecalcStyleDuration":0.091582,"ScriptDuration":1.458727,"TaskDuration":4.536423,"JSHeapUsedSize":13499300,"JSHeapTotalSize":15564800}},{"title":"List selected","timings":{"connectStart":1683281048258,"navigationStart":1683281048256,"secureConnectionStart":0,"fetchStart":1683281048258,"domContentLoadedEventStart":1683281048469,"responseStart":1683281048260,"domInteractive":1683281048282,"domainLookupEnd":1683281048258,"responseEnd":1683281048263,"redirectStart":0,"requestStart":1683281048259,"unloadEventEnd":0,"unloadEventStart":0,"domLoading":1683281048270,"domComplete":1683281048470,"domainLookupStart":1683281048258,"loadEventStart":1683281048470,"domContentLoadedEventEnd":1683281048469,"loadEventEnd":1683281048470,"redirectEnd":0,"connectEnd":1683281048258},"heap":106017,"metrics":{"Timestamp":17480.008014,"Documents":2,"Frames":2,"JSEventListeners":828,"Nodes":916,"LayoutCount":30,"RecalcStyleCount":68,"LayoutDuration":0.159234,"RecalcStyleDuration":0.091582,"ScriptDuration":1.458896,"TaskDuration":4.716982,"JSHeapUsedSize":13365772,"JSHeapTotalSize":15302656}}],"lhrResults":{"lhrScores":{"performance":0.5,"accessibility":0.89,"best-practices":0.83,"seo":0.94,"pwa":0.56}}}