{"revision":"59ad4b8618efad8ade414c73220c725370a067a8","storyResults":[{"title":"start","timings":{"connectStart":1683281419341,"navigationStart":1683281419335,"secureConnectionStart":0,"fetchStart":1683281419341,"domContentLoadedEventStart":1683281419593,"responseStart":1683281419348,"domInteractive":1683281419387,"domainLookupEnd":1683281419341,"responseEnd":1683281419351,"redirectStart":0,"requestStart":1683281419347,"unloadEventEnd":0,"unloadEventStart":0,"domLoading":1683281419360,"domComplete":1683281419596,"domainLookupStart":1683281419341,"loadEventStart":1683281419596,"domContentLoadedEventEnd":1683281419593,"loadEventEnd":1683281419596,"redirectEnd":0,"connectEnd":1683281419341},"heap":150436,"metrics":{"Timestamp":17842.350577,"Documents":2,"Frames":2,"JSEventListeners":2232,"Nodes":3139,"LayoutCount":8,"RecalcStyleCount":23,"LayoutDuration":0.046074,"RecalcStyleDuration":0.027261,"ScriptDuration":0.481395,"TaskDuration":1.168475,"JSHeapUsedSize":13133300,"JSHeapTotalSize":15216640}},{"title":"Popup closed","timings":{"connectStart":1683281419341,"navigationStart":1683281419335,"secureConnectionStart":0,"fetchStart":1683281419341,"domContentLoadedEventStart":1683281419593,"responseStart":1683281419348,"domInteractive":1683281419387,"domainLookupEnd":1683281419341,"responseEnd":1683281419351,"redirectStart":0,"requestStart":1683281419347,"unloadEventEnd":0,"unloadEventStart":0,"domLoading":1683281419360,"domComplete":1683281419596,"domainLookupStart":1683281419341,"loadEventStart":1683281419596,"domContentLoadedEventEnd":1683281419593,"loadEventEnd":1683281419596,"redirectEnd":0,"connectEnd":1683281419341},"heap":231833,"metrics":{"Timestamp":17843.38779,"Documents":2,"Frames":2,"JSEventListeners":2233,"Nodes":3177,"LayoutCount":9,"RecalcStyleCount":25,"LayoutDuration":0.059845,"RecalcStyleDuration":0.0358,"ScriptDuration":0.676868,"TaskDuration":2.181069,"JSHeapUsedSize":17731544,"JSHeapTotalSize":19738624}},{"title":"marker clicked","timings":{"connectStart":1683281419341,"navigationStart":1683281419335,"secureConnectionStart":0,"fetchStart":1683281419341,"domContentLoadedEventStart":1683281419593,"responseStart":1683281419348,"domInteractive":1683281419387,"domainLookupEnd":1683281419341,"responseEnd":1683281419351,"redirectStart":0,"requestStart":1683281419347,"unloadEventEnd":0,"unloadEventStart":0,"domLoading":1683281419360,"domComplete":1683281419596,"domainLookupStart":1683281419341,"loadEventStart":1683281419596,"domContentLoadedEventEnd":1683281419593,"loadEventEnd":1683281419596,"redirectEnd":0,"connectEnd":1683281419341},"heap":231822,"metrics":{"Timestamp":17843.065644,"Documents":2,"Frames":2,"JSEventListeners":2233,"Nodes":3177,"LayoutCount":9,"RecalcStyleCount":25,"LayoutDuration":0.059845,"RecalcStyleDuration":0.0358,"ScriptDuration":0.676837,"TaskDuration":1.862259,"JSHeapUsedSize":17761136,"JSHeapTotalSize":19738624}},{"title":"marker2 clicked","timings":{"connectStart":1683281419341,"navigationStart":1683281419335,"secureConnectionStart":0,"fetchStart":1683281419341,"domContentLoadedEventStart":1683281419593,"responseStart":1683281419348,"domInteractive":1683281419387,"domainLookupEnd":1683281419341,"responseEnd":1683281419351,"redirectStart":0,"requestStart":1683281419347,"unloadEventEnd":0,"unloadEventStart":0,"domLoading":1683281419360,"domComplete":1683281419596,"domainLookupStart":1683281419341,"loadEventStart":1683281419596,"domContentLoadedEventEnd":1683281419593,"loadEventEnd":1683281419596,"redirectEnd":0,"connectEnd":1683281419341},"heap":250746,"metrics":{"Timestamp":17844.011083,"Documents":2,"Frames":2,"JSEventListeners":2233,"Nodes":3172,"LayoutCount":10,"RecalcStyleCount":30,"LayoutDuration":0.059963,"RecalcStyleDuration":0.042304,"ScriptDuration":0.824414,"TaskDuration":2.797354,"JSHeapUsedSize":19254444,"JSHeapTotalSize":21385216}},{"title":"input filled","timings":{"connectStart":1683281419341,"navigationStart":1683281419335,"secureConnectionStart":0,"fetchStart":1683281419341,"domContentLoadedEventStart":1683281419593,"responseStart":1683281419348,"domInteractive":1683281419387,"domainLookupEnd":1683281419341,"responseEnd":1683281419351,"redirectStart":0,"requestStart":1683281419347,"unloadEventEnd":0,"unloadEventStart":0,"domLoading":1683281419360,"domComplete":1683281419596,"domainLookupStart":1683281419341,"loadEventStart":1683281419596,"domContentLoadedEventEnd":1683281419593,"loadEventEnd":1683281419596,"redirectEnd":0,"connectEnd":1683281419341},"heap":251198,"metrics":{"Timestamp":17850.249387,"Documents":2,"Frames":2,"JSEventListeners":2372,"Nodes":3209,"LayoutCount":24,"RecalcStyleCount":66,"LayoutDuration":0.064486,"RecalcStyleDuration":0.068664,"ScriptDuration":1.280751,"TaskDuration":3.887747,"JSHeapUsedSize":19066748,"JSHeapTotalSize":21389312}},{"title":"List selected","timings":{"connectStart":1683281419341,"navigationStart":1683281419335,"secureConnectionStart":0,"fetchStart":1683281419341,"domContentLoadedEventStart":1683281419593,"responseStart":1683281419348,"domInteractive":1683281419387,"domainLookupEnd":1683281419341,"responseEnd":1683281419351,"redirectStart":0,"requestStart":1683281419347,"unloadEventEnd":0,"unloadEventStart":0,"domLoading":1683281419360,"domComplete":1683281419596,"domainLookupStart":1683281419341,"loadEventStart":1683281419596,"domContentLoadedEventEnd":1683281419593,"loadEventEnd":1683281419596,"redirectEnd":0,"connectEnd":1683281419341},"heap":251209,"metrics":{"Timestamp":17850.619673,"Documents":2,"Frames":2,"JSEventListeners":2372,"Nodes":3209,"LayoutCount":24,"RecalcStyleCount":66,"LayoutDuration":0.064486,"RecalcStyleDuration":0.068664,"ScriptDuration":1.280843,"TaskDuration":4.253071,"JSHeapUsedSize":18896592,"JSHeapTotalSize":21127168}}],"lhrResults":{"lhrScores":{"performance":0.45,"accessibility":0.91,"best-practices":0.92,"seo":0.94,"pwa":0.56}}}