{"revision":"695b39e3624e1e2e830d551db7983346f27050f4","storyResults":[{"title":"start","timings":{"connectStart":1683283541863,"navigationStart":1683283541861,"secureConnectionStart":0,"fetchStart":1683283541863,"domContentLoadedEventStart":1683283542067,"responseStart":1683283541866,"domInteractive":1683283541885,"domainLookupEnd":1683283541863,"responseEnd":1683283541867,"redirectStart":0,"requestStart":1683283541864,"unloadEventEnd":0,"unloadEventStart":0,"domLoading":1683283541873,"domComplete":1683283542069,"domainLookupStart":1683283541863,"loadEventStart":1683283542069,"domContentLoadedEventEnd":1683283542067,"loadEventEnd":1683283542069,"redirectEnd":0,"connectEnd":1683283541863},"heap":150387,"metrics":{"Timestamp":19964.513542,"Documents":2,"Frames":2,"JSEventListeners":2232,"Nodes":3139,"LayoutCount":8,"RecalcStyleCount":22,"LayoutDuration":0.039328,"RecalcStyleDuration":0.020356,"ScriptDuration":0.41145,"TaskDuration":0.97057,"JSHeapUsedSize":13181960,"JSHeapTotalSize":15216640}},{"title":"Popup closed","timings":{"connectStart":1683283541863,"navigationStart":1683283541861,"secureConnectionStart":0,"fetchStart":1683283541863,"domContentLoadedEventStart":1683283542067,"responseStart":1683283541866,"domInteractive":1683283541885,"domainLookupEnd":1683283541863,"responseEnd":1683283541867,"redirectStart":0,"requestStart":1683283541864,"unloadEventEnd":0,"unloadEventStart":0,"domLoading":1683283541873,"domComplete":1683283542069,"domainLookupStart":1683283541863,"loadEventStart":1683283542069,"domContentLoadedEventEnd":1683283542067,"loadEventEnd":1683283542069,"redirectEnd":0,"connectEnd":1683283541863},"heap":231787,"metrics":{"Timestamp":19965.534771,"Documents":2,"Frames":2,"JSEventListeners":2233,"Nodes":3177,"LayoutCount":9,"RecalcStyleCount":24,"LayoutDuration":0.049039,"RecalcStyleDuration":0.02653,"ScriptDuration":0.589128,"TaskDuration":1.968913,"JSHeapUsedSize":17728204,"JSHeapTotalSize":19738624}},{"title":"marker clicked","timings":{"connectStart":1683283541863,"navigationStart":1683283541861,"secureConnectionStart":0,"fetchStart":1683283541863,"domContentLoadedEventStart":1683283542067,"responseStart":1683283541866,"domInteractive":1683283541885,"domainLookupEnd":1683283541863,"responseEnd":1683283541867,"redirectStart":0,"requestStart":1683283541864,"unloadEventEnd":0,"unloadEventStart":0,"domLoading":1683283541873,"domComplete":1683283542069,"domainLookupStart":1683283541863,"loadEventStart":1683283542069,"domContentLoadedEventEnd":1683283542067,"loadEventEnd":1683283542069,"redirectEnd":0,"connectEnd":1683283541863},"heap":231776,"metrics":{"Timestamp":19965.208866,"Documents":2,"Frames":2,"JSEventListeners":2233,"Nodes":3177,"LayoutCount":9,"RecalcStyleCount":24,"LayoutDuration":0.049039,"RecalcStyleDuration":0.02653,"ScriptDuration":0.589095,"TaskDuration":1.647056,"JSHeapUsedSize":17790320,"JSHeapTotalSize":19738624}},{"title":"marker2 clicked","timings":{"connectStart":1683283541863,"navigationStart":1683283541861,"secureConnectionStart":0,"fetchStart":1683283541863,"domContentLoadedEventStart":1683283542067,"responseStart":1683283541866,"domInteractive":1683283541885,"domainLookupEnd":1683283541863,"responseEnd":1683283541867,"redirectStart":0,"requestStart":1683283541864,"unloadEventEnd":0,"unloadEventStart":0,"domLoading":1683283541873,"domComplete":1683283542069,"domainLookupStart":1683283541863,"loadEventStart":1683283542069,"domContentLoadedEventEnd":1683283542067,"loadEventEnd":1683283542069,"redirectEnd":0,"connectEnd":1683283541863},"heap":250687,"metrics":{"Timestamp":19966.148913,"Documents":2,"Frames":2,"JSEventListeners":2233,"Nodes":3172,"LayoutCount":10,"RecalcStyleCount":29,"LayoutDuration":0.049158,"RecalcStyleDuration":0.032728,"ScriptDuration":0.734424,"TaskDuration":2.575678,"JSHeapUsedSize":19249768,"JSHeapTotalSize":21385216}},{"title":"input filled","timings":{"connectStart":1683283541863,"navigationStart":1683283541861,"secureConnectionStart":0,"fetchStart":1683283541863,"domContentLoadedEventStart":1683283542067,"responseStart":1683283541866,"domInteractive":1683283541885,"domainLookupEnd":1683283541863,"responseEnd":1683283541867,"redirectStart":0,"requestStart":1683283541864,"unloadEventEnd":0,"unloadEventStart":0,"domLoading":1683283541873,"domComplete":1683283542069,"domainLookupStart":1683283541863,"loadEventStart":1683283542069,"domContentLoadedEventEnd":1683283542067,"loadEventEnd":1683283542069,"redirectEnd":0,"connectEnd":1683283541863},"heap":92380,"metrics":{"Timestamp":19972.1753,"Documents":2,"Frames":2,"JSEventListeners":772,"Nodes":808,"LayoutCount":24,"RecalcStyleCount":67,"LayoutDuration":0.056053,"RecalcStyleDuration":0.048722,"ScriptDuration":1.070916,"TaskDuration":3.321959,"JSHeapUsedSize":10846176,"JSHeapTotalSize":12627968}},{"title":"List selected","timings":{"connectStart":1683283541863,"navigationStart":1683283541861,"secureConnectionStart":0,"fetchStart":1683283541863,"domContentLoadedEventStart":1683283542067,"responseStart":1683283541866,"domInteractive":1683283541885,"domainLookupEnd":1683283541863,"responseEnd":1683283541867,"redirectStart":0,"requestStart":1683283541864,"unloadEventEnd":0,"unloadEventStart":0,"domLoading":1683283541873,"domComplete":1683283542069,"domainLookupStart":1683283541863,"loadEventStart":1683283542069,"domContentLoadedEventEnd":1683283542067,"loadEventEnd":1683283542069,"redirectEnd":0,"connectEnd":1683283541863},"heap":92391,"metrics":{"Timestamp":19972.342512,"Documents":2,"Frames":2,"JSEventListeners":772,"Nodes":808,"LayoutCount":24,"RecalcStyleCount":67,"LayoutDuration":0.056053,"RecalcStyleDuration":0.048722,"ScriptDuration":1.071009,"TaskDuration":3.484258,"JSHeapUsedSize":10813036,"JSHeapTotalSize":12627968}}],"lhrResults":{"lhrScores":{"performance":0.5,"accessibility":0.91,"best-practices":0.92,"seo":0.94,"pwa":0.56}}}