{"revision":"6f01dd5841d365c2bb977fcb55557a23dc256429","storyResults":[{"title":"start","timings":{"connectStart":1683285166412,"navigationStart":1683285166410,"secureConnectionStart":0,"fetchStart":1683285166412,"domContentLoadedEventStart":1683285166626,"responseStart":1683285166415,"domInteractive":1683285166437,"domainLookupEnd":1683285166412,"responseEnd":1683285166416,"redirectStart":0,"requestStart":1683285166414,"unloadEventEnd":0,"unloadEventStart":0,"domLoading":1683285166423,"domComplete":1683285166628,"domainLookupStart":1683285166412,"loadEventStart":1683285166628,"domContentLoadedEventEnd":1683285166626,"loadEventEnd":1683285166628,"redirectEnd":0,"connectEnd":1683285166412},"heap":177927,"metrics":{"Timestamp":21589.812984,"Documents":2,"Frames":2,"JSEventListeners":2256,"Nodes":3213,"LayoutCount":10,"RecalcStyleCount":15,"LayoutDuration":0.062222,"RecalcStyleDuration":0.038519,"ScriptDuration":0.812512,"TaskDuration":1.586528,"JSHeapUsedSize":17372488,"JSHeapTotalSize":19783680}},{"title":"Popup closed","timings":{"connectStart":1683285166412,"navigationStart":1683285166410,"secureConnectionStart":0,"fetchStart":1683285166412,"domContentLoadedEventStart":1683285166626,"responseStart":1683285166415,"domInteractive":1683285166437,"domainLookupEnd":1683285166412,"responseEnd":1683285166416,"redirectStart":0,"requestStart":1683285166414,"unloadEventEnd":0,"unloadEventStart":0,"domLoading":1683285166423,"domComplete":1683285166628,"domainLookupStart":1683285166412,"loadEventStart":1683285166628,"domContentLoadedEventEnd":1683285166626,"loadEventEnd":1683285166628,"redirectEnd":0,"connectEnd":1683285166412},"heap":259346,"metrics":{"Timestamp":21590.946812,"Documents":2,"Frames":2,"JSEventListeners":2372,"Nodes":3204,"LayoutCount":18,"RecalcStyleCount":33,"LayoutDuration":0.073838,"RecalcStyleDuration":0.046658,"ScriptDuration":0.997816,"TaskDuration":2.698298,"JSHeapUsedSize":21658540,"JSHeapTotalSize":24043520}},{"title":"marker clicked","timings":{"connectStart":1683285166412,"navigationStart":1683285166410,"secureConnectionStart":0,"fetchStart":1683285166412,"domContentLoadedEventStart":1683285166626,"responseStart":1683285166415,"domInteractive":1683285166437,"domainLookupEnd":1683285166412,"responseEnd":1683285166416,"redirectStart":0,"requestStart":1683285166414,"unloadEventEnd":0,"unloadEventStart":0,"domLoading":1683285166423,"domComplete":1683285166628,"domainLookupStart":1683285166412,"loadEventStart":1683285166628,"domContentLoadedEventEnd":1683285166626,"loadEventEnd":1683285166628,"redirectEnd":0,"connectEnd":1683285166412},"heap":259333,"metrics":{"Timestamp":21590.569399,"Documents":2,"Frames":2,"JSEventListeners":2372,"Nodes":3204,"LayoutCount":18,"RecalcStyleCount":33,"LayoutDuration":0.073838,"RecalcStyleDuration":0.046658,"ScriptDuration":0.997719,"TaskDuration":2.325936,"JSHeapUsedSize":21650828,"JSHeapTotalSize":24043520}},{"title":"marker2 clicked","timings":{"connectStart":1683285166412,"navigationStart":1683285166410,"secureConnectionStart":0,"fetchStart":1683285166412,"domContentLoadedEventStart":1683285166626,"responseStart":1683285166415,"domInteractive":1683285166437,"domainLookupEnd":1683285166412,"responseEnd":1683285166416,"redirectStart":0,"requestStart":1683285166414,"unloadEventEnd":0,"unloadEventStart":0,"domLoading":1683285166423,"domComplete":1683285166628,"domainLookupStart":1683285166412,"loadEventStart":1683285166628,"domContentLoadedEventEnd":1683285166626,"loadEventEnd":1683285166628,"redirectEnd":0,"connectEnd":1683285166412},"heap":263862,"metrics":{"Timestamp":21591.618154,"Documents":2,"Frames":2,"JSEventListeners":2372,"Nodes":3199,"LayoutCount":20,"RecalcStyleCount":40,"LayoutDuration":0.074126,"RecalcStyleDuration":0.053529,"ScriptDuration":1.138806,"TaskDuration":3.360951,"JSHeapUsedSize":21600864,"JSHeapTotalSize":24059904}},{"title":"input filled","timings":{"connectStart":1683285166412,"navigationStart":1683285166410,"secureConnectionStart":0,"fetchStart":1683285166412,"domContentLoadedEventStart":1683285166626,"responseStart":1683285166415,"domInteractive":1683285166437,"domainLookupEnd":1683285166412,"responseEnd":1683285166416,"redirectStart":0,"requestStart":1683285166414,"unloadEventEnd":0,"unloadEventStart":0,"domLoading":1683285166423,"domComplete":1683285166628,"domainLookupStart":1683285166412,"loadEventStart":1683285166628,"domContentLoadedEventEnd":1683285166626,"loadEventEnd":1683285166628,"redirectEnd":0,"connectEnd":1683285166412},"heap":105997,"metrics":{"Timestamp":21597.666441,"Documents":2,"Frames":2,"JSEventListeners":828,"Nodes":910,"LayoutCount":28,"RecalcStyleCount":59,"LayoutDuration":0.082606,"RecalcStyleDuration":0.069584,"ScriptDuration":1.496105,"TaskDuration":4.101899,"JSHeapUsedSize":13344568,"JSHeapTotalSize":15302656}},{"title":"List selected","timings":{"connectStart":1683285166412,"navigationStart":1683285166410,"secureConnectionStart":0,"fetchStart":1683285166412,"domContentLoadedEventStart":1683285166626,"responseStart":1683285166415,"domInteractive":1683285166437,"domainLookupEnd":1683285166412,"responseEnd":1683285166416,"redirectStart":0,"requestStart":1683285166414,"unloadEventEnd":0,"unloadEventStart":0,"domLoading":1683285166423,"domComplete":1683285166628,"domainLookupStart":1683285166412,"loadEventStart":1683285166628,"domContentLoadedEventEnd":1683285166626,"loadEventEnd":1683285166628,"redirectEnd":0,"connectEnd":1683285166412},"heap":106008,"metrics":{"Timestamp":21597.852479,"Documents":2,"Frames":2,"JSEventListeners":828,"Nodes":910,"LayoutCount":28,"RecalcStyleCount":59,"LayoutDuration":0.082606,"RecalcStyleDuration":0.069584,"ScriptDuration":1.496284,"TaskDuration":4.282971,"JSHeapUsedSize":13345920,"JSHeapTotalSize":15564800}}],"lhrResults":{"lhrScores":{"performance":0.41,"accessibility":0.89,"best-practices":0.83,"seo":0.93,"pwa":0.56}}}