{"revision":"85954acaaee8c556d649359f97ae7b32738b8c21","storyResults":[{"timings":{"connectStart":1683275561546,"navigationStart":1683275561543,"secureConnectionStart":0,"fetchStart":1683275561546,"domContentLoadedEventStart":1683275561719,"responseStart":1683275561547,"domInteractive":1683275561570,"domainLookupEnd":1683275561546,"responseEnd":1683275561548,"redirectStart":0,"requestStart":1683275561546,"unloadEventEnd":0,"unloadEventStart":0,"domLoading":1683275561555,"domComplete":1683275561723,"domainLookupStart":1683275561546,"loadEventStart":1683275561723,"domContentLoadedEventEnd":1683275561719,"loadEventEnd":1683275561723,"redirectEnd":0,"connectEnd":1683275561546},"heap":178022,"metrics":{"Timestamp":11983.768537,"Documents":2,"Frames":2,"JSEventListeners":2294,"Nodes":3212,"LayoutCount":11,"RecalcStyleCount":15,"LayoutDuration":0.065946,"RecalcStyleDuration":0.038393,"ScriptDuration":0.820962,"TaskDuration":1.610357,"JSHeapUsedSize":17180232,"JSHeapTotalSize":20045824}},{"timings":{"connectStart":1683275561546,"navigationStart":1683275561543,"secureConnectionStart":0,"fetchStart":1683275561546,"domContentLoadedEventStart":1683275561719,"responseStart":1683275561547,"domInteractive":1683275561570,"domainLookupEnd":1683275561546,"responseEnd":1683275561548,"redirectStart":0,"requestStart":1683275561546,"unloadEventEnd":0,"unloadEventStart":0,"domLoading":1683275561555,"domComplete":1683275561723,"domainLookupStart":1683275561546,"loadEventStart":1683275561723,"domContentLoadedEventEnd":1683275561719,"loadEventEnd":1683275561723,"redirectEnd":0,"connectEnd":1683275561546},"heap":260209,"metrics":{"Timestamp":11994.575967,"Documents":2,"Frames":2,"JSEventListeners":2420,"Nodes":3182,"LayoutCount":19,"RecalcStyleCount":38,"LayoutDuration":0.070633,"RecalcStyleDuration":0.057559,"ScriptDuration":1.008968,"TaskDuration":2.389671,"JSHeapUsedSize":21737652,"JSHeapTotalSize":24047616}},{"timings":{"connectStart":1683275561546,"navigationStart":1683275561543,"secureConnectionStart":0,"fetchStart":1683275561546,"domContentLoadedEventStart":1683275561719,"responseStart":1683275561547,"domInteractive":1683275561570,"domainLookupEnd":1683275561546,"responseEnd":1683275561548,"redirectStart":0,"requestStart":1683275561546,"unloadEventEnd":0,"unloadEventStart":0,"domLoading":1683275561555,"domComplete":1683275561723,"domainLookupStart":1683275561546,"loadEventStart":1683275561723,"domContentLoadedEventEnd":1683275561719,"loadEventEnd":1683275561723,"redirectEnd":0,"connectEnd":1683275561546},"heap":260221,"metrics":{"Timestamp":11994.956808,"Documents":2,"Frames":2,"JSEventListeners":2420,"Nodes":3182,"LayoutCount":19,"RecalcStyleCount":38,"LayoutDuration":0.070633,"RecalcStyleDuration":0.057559,"ScriptDuration":1.009,"TaskDuration":2.76598,"JSHeapUsedSize":21711624,"JSHeapTotalSize":24309760}},{"timings":{"connectStart":1683275561546,"navigationStart":1683275561543,"secureConnectionStart":0,"fetchStart":1683275561546,"domContentLoadedEventStart":1683275561719,"responseStart":1683275561547,"domInteractive":1683275561570,"domainLookupEnd":1683275561546,"responseEnd":1683275561548,"redirectStart":0,"requestStart":1683275561546,"unloadEventEnd":0,"unloadEventStart":0,"domLoading":1683275561555,"domComplete":1683275561723,"domainLookupStart":1683275561546,"loadEventStart":1683275561723,"domContentLoadedEventEnd":1683275561719,"loadEventEnd":1683275561723,"redirectEnd":0,"connectEnd":1683275561546},"heap":92234,"metrics":{"Timestamp":12001.401996,"Documents":2,"Frames":2,"JSEventListeners":1142,"Nodes":2467,"LayoutCount":30,"RecalcStyleCount":63,"LayoutDuration":0.101396,"RecalcStyleDuration":0.090602,"ScriptDuration":1.711031,"TaskDuration":4.031208,"JSHeapUsedSize":12920788,"JSHeapTotalSize":15249408}},{"timings":{"connectStart":1683275561546,"navigationStart":1683275561543,"secureConnectionStart":0,"fetchStart":1683275561546,"domContentLoadedEventStart":1683275561719,"responseStart":1683275561547,"domInteractive":1683275561570,"domainLookupEnd":1683275561546,"responseEnd":1683275561548,"redirectStart":0,"requestStart":1683275561546,"unloadEventEnd":0,"unloadEventStart":0,"domLoading":1683275561555,"domComplete":1683275561723,"domainLookupStart":1683275561546,"loadEventStart":1683275561723,"domContentLoadedEventEnd":1683275561719,"loadEventEnd":1683275561723,"redirectEnd":0,"connectEnd":1683275561546},"heap":92245,"metrics":{"Timestamp":12001.566823,"Documents":2,"Frames":2,"JSEventListeners":1142,"Nodes":2467,"LayoutCount":30,"RecalcStyleCount":63,"LayoutDuration":0.101396,"RecalcStyleDuration":0.090602,"ScriptDuration":1.711215,"TaskDuration":4.192847,"JSHeapUsedSize":12813468,"JSHeapTotalSize":14725120}}],"lhrResults":{"lhrScores":{"performance":0.44,"accessibility":0.89,"best-practices":0.83,"seo":0.93,"pwa":0.56}}}