{"revision":"9d27c3d137252db1b2ca253771ab089d32b26e04","storyResults":[{"timings":{"connectStart":1683276013400,"navigationStart":1683276013398,"secureConnectionStart":0,"fetchStart":1683276013400,"domContentLoadedEventStart":1683276013608,"responseStart":1683276013405,"domInteractive":1683276013421,"domainLookupEnd":1683276013400,"responseEnd":1683276013406,"redirectStart":0,"requestStart":1683276013402,"unloadEventEnd":0,"unloadEventStart":0,"domLoading":1683276013411,"domComplete":1683276013610,"domainLookupStart":1683276013400,"loadEventStart":1683276013610,"domContentLoadedEventEnd":1683276013608,"loadEventEnd":1683276013610,"redirectEnd":0,"connectEnd":1683276013400},"heap":9589,"metrics":{"Timestamp":12434.321016,"Documents":2,"Frames":1,"JSEventListeners":147,"Nodes":54,"LayoutCount":4,"RecalcStyleCount":3,"LayoutDuration":0.011974,"RecalcStyleDuration":0.000901,"ScriptDuration":0.140298,"TaskDuration":0.273161,"JSHeapUsedSize":11078708,"JSHeapTotalSize":19296256}},{"timings":{"connectStart":1683276013400,"navigationStart":1683276013398,"secureConnectionStart":0,"fetchStart":1683276013400,"domContentLoadedEventStart":1683276013608,"responseStart":1683276013405,"domInteractive":1683276013421,"domainLookupEnd":1683276013400,"responseEnd":1683276013406,"redirectStart":0,"requestStart":1683276013402,"unloadEventEnd":0,"unloadEventStart":0,"domLoading":1683276013411,"domComplete":1683276013610,"domainLookupStart":1683276013400,"loadEventStart":1683276013610,"domContentLoadedEventEnd":1683276013608,"loadEventEnd":1683276013610,"redirectEnd":0,"connectEnd":1683276013400},"heap":230975,"metrics":{"Timestamp":12435.879718,"Documents":2,"Frames":2,"JSEventListeners":2372,"Nodes":3170,"LayoutCount":16,"RecalcStyleCount":31,"LayoutDuration":0.045726,"RecalcStyleDuration":0.036602,"ScriptDuration":0.656435,"TaskDuration":1.810455,"JSHeapUsedSize":17927104,"JSHeapTotalSize":20520960}},{"timings":{"connectStart":1683276013400,"navigationStart":1683276013398,"secureConnectionStart":0,"fetchStart":1683276013400,"domContentLoadedEventStart":1683276013608,"responseStart":1683276013405,"domInteractive":1683276013421,"domainLookupEnd":1683276013400,"responseEnd":1683276013406,"redirectStart":0,"requestStart":1683276013402,"unloadEventEnd":0,"unloadEventStart":0,"domLoading":1683276013411,"domComplete":1683276013610,"domainLookupStart":1683276013400,"loadEventStart":1683276013610,"domContentLoadedEventEnd":1683276013608,"loadEventEnd":1683276013610,"redirectEnd":0,"connectEnd":1683276013400},"heap":230985,"metrics":{"Timestamp":12436.313051,"Documents":2,"Frames":2,"JSEventListeners":2372,"Nodes":3170,"LayoutCount":16,"RecalcStyleCount":31,"LayoutDuration":0.045726,"RecalcStyleDuration":0.036602,"ScriptDuration":0.656537,"TaskDuration":2.235315,"JSHeapUsedSize":17886108,"JSHeapTotalSize":20520960}},{"timings":{"connectStart":1683276013400,"navigationStart":1683276013398,"secureConnectionStart":0,"fetchStart":1683276013400,"domContentLoadedEventStart":1683276013608,"responseStart":1683276013405,"domInteractive":1683276013421,"domainLookupEnd":1683276013400,"responseEnd":1683276013406,"redirectStart":0,"requestStart":1683276013402,"unloadEventEnd":0,"unloadEventStart":0,"domLoading":1683276013411,"domComplete":1683276013610,"domainLookupStart":1683276013400,"loadEventStart":1683276013610,"domContentLoadedEventEnd":1683276013608,"loadEventEnd":1683276013610,"redirectEnd":0,"connectEnd":1683276013400},"heap":80488,"metrics":{"Timestamp":12442.72551,"Documents":2,"Frames":2,"JSEventListeners":678,"Nodes":635,"LayoutCount":26,"RecalcStyleCount":56,"LayoutDuration":0.050029,"RecalcStyleDuration":0.057303,"ScriptDuration":1.154389,"TaskDuration":3.091657,"JSHeapUsedSize":10837008,"JSHeapTotalSize":12840960}},{"timings":{"connectStart":1683276013400,"navigationStart":1683276013398,"secureConnectionStart":0,"fetchStart":1683276013400,"domContentLoadedEventStart":1683276013608,"responseStart":1683276013405,"domInteractive":1683276013421,"domainLookupEnd":1683276013400,"responseEnd":1683276013406,"redirectStart":0,"requestStart":1683276013402,"unloadEventEnd":0,"unloadEventStart":0,"domLoading":1683276013411,"domComplete":1683276013610,"domainLookupStart":1683276013400,"loadEventStart":1683276013610,"domContentLoadedEventEnd":1683276013608,"loadEventEnd":1683276013610,"redirectEnd":0,"connectEnd":1683276013400},"heap":80499,"metrics":{"Timestamp":12442.873161,"Documents":2,"Frames":2,"JSEventListeners":678,"Nodes":635,"LayoutCount":26,"RecalcStyleCount":56,"LayoutDuration":0.050029,"RecalcStyleDuration":0.057303,"ScriptDuration":1.154553,"TaskDuration":3.236446,"JSHeapUsedSize":10818700,"JSHeapTotalSize":12578816}}],"lhrResults":{"lhrScores":{"performance":0.39,"accessibility":0.89,"best-practices":0.83,"seo":0.93,"pwa":0.56}}}