{"revision":"e1f38bf449c938daab43b16b71b3cc88e9f03bfd","storyResults":[{"title":"start","timings":{"connectStart":1683286644809,"navigationStart":1683286644807,"secureConnectionStart":0,"fetchStart":1683286644809,"domContentLoadedEventStart":1683286645007,"responseStart":1683286644812,"domInteractive":1683286644825,"domainLookupEnd":1683286644809,"responseEnd":1683286644813,"redirectStart":0,"requestStart":1683286644811,"unloadEventEnd":0,"unloadEventStart":0,"domLoading":1683286644817,"domComplete":1683286645008,"domainLookupStart":1683286644809,"loadEventStart":1683286645008,"domContentLoadedEventEnd":1683286645007,"loadEventEnd":1683286645008,"redirectEnd":0,"connectEnd":1683286644809},"heap":177527,"metrics":{"Timestamp":23068.143764,"Documents":4,"Frames":2,"JSEventListeners":2257,"Nodes":3219,"LayoutCount":10,"RecalcStyleCount":15,"LayoutDuration":0.06065,"RecalcStyleDuration":0.032183,"ScriptDuration":0.777586,"TaskDuration":1.544616,"JSHeapUsedSize":17524124,"JSHeapTotalSize":20045824}},{"title":"Popup closed","timings":{"connectStart":1683286644809,"navigationStart":1683286644807,"secureConnectionStart":0,"fetchStart":1683286644809,"domContentLoadedEventStart":1683286645007,"responseStart":1683286644812,"domInteractive":1683286644825,"domainLookupEnd":1683286644809,"responseEnd":1683286644813,"redirectStart":0,"requestStart":1683286644811,"unloadEventEnd":0,"unloadEventStart":0,"domLoading":1683286644817,"domComplete":1683286645008,"domainLookupStart":1683286644809,"loadEventStart":1683286645008,"domContentLoadedEventEnd":1683286645007,"loadEventEnd":1683286645008,"redirectEnd":0,"connectEnd":1683286644809},"heap":260499,"metrics":{"Timestamp":23069.215945,"Documents":3,"Frames":2,"JSEventListeners":2233,"Nodes":3186,"LayoutCount":11,"RecalcStyleCount":17,"LayoutDuration":0.070348,"RecalcStyleDuration":0.038548,"ScriptDuration":0.949953,"TaskDuration":2.592323,"JSHeapUsedSize":22047204,"JSHeapTotalSize":24309760}},{"title":"marker clicked","timings":{"connectStart":1683286644809,"navigationStart":1683286644807,"secureConnectionStart":0,"fetchStart":1683286644809,"domContentLoadedEventStart":1683286645007,"responseStart":1683286644812,"domInteractive":1683286644825,"domainLookupEnd":1683286644809,"responseEnd":1683286644813,"redirectStart":0,"requestStart":1683286644811,"unloadEventEnd":0,"unloadEventStart":0,"domLoading":1683286644817,"domComplete":1683286645008,"domainLookupStart":1683286644809,"loadEventStart":1683286645008,"domContentLoadedEventEnd":1683286645007,"loadEventEnd":1683286645008,"redirectEnd":0,"connectEnd":1683286644809},"heap":260488,"metrics":{"Timestamp":23068.831941,"Documents":3,"Frames":2,"JSEventListeners":2233,"Nodes":3186,"LayoutCount":11,"RecalcStyleCount":17,"LayoutDuration":0.070348,"RecalcStyleDuration":0.038548,"ScriptDuration":0.949855,"TaskDuration":2.21295,"JSHeapUsedSize":21938720,"JSHeapTotalSize":24309760}},{"title":"marker2 clicked","timings":{"connectStart":1683286644809,"navigationStart":1683286644807,"secureConnectionStart":0,"fetchStart":1683286644809,"domContentLoadedEventStart":1683286645007,"responseStart":1683286644812,"domInteractive":1683286644825,"domainLookupEnd":1683286644809,"responseEnd":1683286644813,"redirectStart":0,"requestStart":1683286644811,"unloadEventEnd":0,"unloadEventStart":0,"domLoading":1683286644817,"domComplete":1683286645008,"domainLookupStart":1683286644809,"loadEventStart":1683286645008,"domContentLoadedEventEnd":1683286645007,"loadEventEnd":1683286645008,"redirectEnd":0,"connectEnd":1683286644809},"heap":264411,"metrics":{"Timestamp":23069.855273,"Documents":3,"Frames":2,"JSEventListeners":2233,"Nodes":3183,"LayoutCount":12,"RecalcStyleCount":22,"LayoutDuration":0.070485,"RecalcStyleDuration":0.045018,"ScriptDuration":1.092738,"TaskDuration":3.217454,"JSHeapUsedSize":21992916,"JSHeapTotalSize":25112576}},{"title":"input filled","timings":{"connectStart":1683286644809,"navigationStart":1683286644807,"secureConnectionStart":0,"fetchStart":1683286644809,"domContentLoadedEventStart":1683286645007,"responseStart":1683286644812,"domInteractive":1683286644825,"domainLookupEnd":1683286644809,"responseEnd":1683286644813,"redirectStart":0,"requestStart":1683286644811,"unloadEventEnd":0,"unloadEventStart":0,"domLoading":1683286644817,"domComplete":1683286645008,"domainLookupStart":1683286644809,"loadEventStart":1683286645008,"domContentLoadedEventEnd":1683286645007,"loadEventEnd":1683286645008,"redirectEnd":0,"connectEnd":1683286644809},"heap":99357,"metrics":{"Timestamp":23075.924502,"Documents":3,"Frames":2,"JSEventListeners":1180,"Nodes":1919,"LayoutCount":17,"RecalcStyleCount":31,"LayoutDuration":0.07442,"RecalcStyleDuration":0.05794,"ScriptDuration":1.411256,"TaskDuration":3.895508,"JSHeapUsedSize":13687660,"JSHeapTotalSize":16588800}},{"title":"List selected","timings":{"connectStart":1683286644809,"navigationStart":1683286644807,"secureConnectionStart":0,"fetchStart":1683286644809,"domContentLoadedEventStart":1683286645007,"responseStart":1683286644812,"domInteractive":1683286644825,"domainLookupEnd":1683286644809,"responseEnd":1683286644813,"redirectStart":0,"requestStart":1683286644811,"unloadEventEnd":0,"unloadEventStart":0,"domLoading":1683286644817,"domComplete":1683286645008,"domainLookupStart":1683286644809,"loadEventStart":1683286645008,"domContentLoadedEventEnd":1683286645007,"loadEventEnd":1683286645008,"redirectEnd":0,"connectEnd":1683286644809},"heap":99368,"metrics":{"Timestamp":23076.111378,"Documents":3,"Frames":2,"JSEventListeners":1180,"Nodes":1919,"LayoutCount":17,"RecalcStyleCount":31,"LayoutDuration":0.07442,"RecalcStyleDuration":0.05794,"ScriptDuration":1.411606,"TaskDuration":4.077565,"JSHeapUsedSize":13690996,"JSHeapTotalSize":15540224}}],"lhrResults":{"lhrScores":{"performance":0.41,"accessibility":0.89,"best-practices":0.83,"seo":0.94,"pwa":0.56}}}