{"revision":"ea2eb4d478b508136e5d596774082020691409af","storyResults":[{"title":"start","timings":{"connectStart":1683281224255,"navigationStart":1683281224253,"secureConnectionStart":0,"fetchStart":1683281224255,"domContentLoadedEventStart":1683281224464,"responseStart":1683281224258,"domInteractive":1683281224272,"domainLookupEnd":1683281224255,"responseEnd":1683281224258,"redirectStart":0,"requestStart":1683281224257,"unloadEventEnd":0,"unloadEventStart":0,"domLoading":1683281224263,"domComplete":1683281224466,"domainLookupStart":1683281224255,"loadEventStart":1683281224466,"domContentLoadedEventEnd":1683281224464,"loadEventEnd":1683281224466,"redirectEnd":0,"connectEnd":1683281224255},"heap":177702,"metrics":{"Timestamp":17647.568169,"Documents":3,"Frames":2,"JSEventListeners":2255,"Nodes":3200,"LayoutCount":10,"RecalcStyleCount":14,"LayoutDuration":0.06588,"RecalcStyleDuration":0.050689,"ScriptDuration":0.853972,"TaskDuration":1.633668,"JSHeapUsedSize":17179592,"JSHeapTotalSize":19783680}},{"title":"Popup closed","timings":{"connectStart":1683281224255,"navigationStart":1683281224253,"secureConnectionStart":0,"fetchStart":1683281224255,"domContentLoadedEventStart":1683281224464,"responseStart":1683281224258,"domInteractive":1683281224272,"domainLookupEnd":1683281224255,"responseEnd":1683281224258,"redirectStart":0,"requestStart":1683281224257,"unloadEventEnd":0,"unloadEventStart":0,"domLoading":1683281224263,"domComplete":1683281224466,"domainLookupStart":1683281224255,"loadEventStart":1683281224466,"domContentLoadedEventEnd":1683281224464,"loadEventEnd":1683281224466,"redirectEnd":0,"connectEnd":1683281224255},"heap":258937,"metrics":{"Timestamp":17648.653889,"Documents":2,"Frames":2,"JSEventListeners":2233,"Nodes":3177,"LayoutCount":11,"RecalcStyleCount":16,"LayoutDuration":0.075652,"RecalcStyleDuration":0.057464,"ScriptDuration":1.024048,"TaskDuration":2.69449,"JSHeapUsedSize":21783588,"JSHeapTotalSize":24039424}},{"title":"marker clicked","timings":{"connectStart":1683281224255,"navigationStart":1683281224253,"secureConnectionStart":0,"fetchStart":1683281224255,"domContentLoadedEventStart":1683281224464,"responseStart":1683281224258,"domInteractive":1683281224272,"domainLookupEnd":1683281224255,"responseEnd":1683281224258,"redirectStart":0,"requestStart":1683281224257,"unloadEventEnd":0,"unloadEventStart":0,"domLoading":1683281224263,"domComplete":1683281224466,"domainLookupStart":1683281224255,"loadEventStart":1683281224466,"domContentLoadedEventEnd":1683281224464,"loadEventEnd":1683281224466,"redirectEnd":0,"connectEnd":1683281224255},"heap":258926,"metrics":{"Timestamp":17648.274042,"Documents":2,"Frames":2,"JSEventListeners":2233,"Nodes":3177,"LayoutCount":11,"RecalcStyleCount":16,"LayoutDuration":0.075652,"RecalcStyleDuration":0.057464,"ScriptDuration":1.024017,"TaskDuration":2.320527,"JSHeapUsedSize":21782716,"JSHeapTotalSize":24039424}},{"title":"marker2 clicked","timings":{"connectStart":1683281224255,"navigationStart":1683281224253,"secureConnectionStart":0,"fetchStart":1683281224255,"domContentLoadedEventStart":1683281224464,"responseStart":1683281224258,"domInteractive":1683281224272,"domainLookupEnd":1683281224255,"responseEnd":1683281224258,"redirectStart":0,"requestStart":1683281224257,"unloadEventEnd":0,"unloadEventStart":0,"domLoading":1683281224263,"domComplete":1683281224466,"domainLookupStart":1683281224255,"loadEventStart":1683281224466,"domContentLoadedEventEnd":1683281224464,"loadEventEnd":1683281224466,"redirectEnd":0,"connectEnd":1683281224255},"heap":263593,"metrics":{"Timestamp":17649.351247,"Documents":2,"Frames":2,"JSEventListeners":2233,"Nodes":3172,"LayoutCount":12,"RecalcStyleCount":21,"LayoutDuration":0.07577,"RecalcStyleDuration":0.063886,"ScriptDuration":1.166331,"TaskDuration":3.386714,"JSHeapUsedSize":21530680,"JSHeapTotalSize":24059904}},{"title":"input filled","timings":{"connectStart":1683281224255,"navigationStart":1683281224253,"secureConnectionStart":0,"fetchStart":1683281224255,"domContentLoadedEventStart":1683281224464,"responseStart":1683281224258,"domInteractive":1683281224272,"domainLookupEnd":1683281224255,"responseEnd":1683281224258,"redirectStart":0,"requestStart":1683281224257,"unloadEventEnd":0,"unloadEventStart":0,"domLoading":1683281224263,"domComplete":1683281224466,"domainLookupStart":1683281224255,"loadEventStart":1683281224466,"domContentLoadedEventEnd":1683281224464,"loadEventEnd":1683281224466,"redirectEnd":0,"connectEnd":1683281224255},"heap":99942,"metrics":{"Timestamp":17655.409826,"Documents":2,"Frames":2,"JSEventListeners":776,"Nodes":827,"LayoutCount":26,"RecalcStyleCount":57,"LayoutDuration":0.08526,"RecalcStyleDuration":0.084428,"ScriptDuration":1.50662,"TaskDuration":4.192958,"JSHeapUsedSize":13424188,"JSHeapTotalSize":16326656}},{"title":"List selected","timings":{"connectStart":1683281224255,"navigationStart":1683281224253,"secureConnectionStart":0,"fetchStart":1683281224255,"domContentLoadedEventStart":1683281224464,"responseStart":1683281224258,"domInteractive":1683281224272,"domainLookupEnd":1683281224255,"responseEnd":1683281224258,"redirectStart":0,"requestStart":1683281224257,"unloadEventEnd":0,"unloadEventStart":0,"domLoading":1683281224263,"domComplete":1683281224466,"domainLookupStart":1683281224255,"loadEventStart":1683281224466,"domContentLoadedEventEnd":1683281224464,"loadEventEnd":1683281224466,"redirectEnd":0,"connectEnd":1683281224255},"heap":99953,"metrics":{"Timestamp":17655.588567,"Documents":2,"Frames":2,"JSEventListeners":776,"Nodes":827,"LayoutCount":26,"RecalcStyleCount":57,"LayoutDuration":0.08526,"RecalcStyleDuration":0.084428,"ScriptDuration":1.506799,"TaskDuration":4.366685,"JSHeapUsedSize":13427528,"JSHeapTotalSize":15278080}}],"lhrResults":{"lhrScores":{"performance":0.43,"accessibility":0.91,"best-practices":0.92,"seo":0.93,"pwa":0.56}}}