{"revision":"f3f25f610349f75940c6480b7bf5271619e5cb26","storyResults":[{"title":"start","timings":{"connectStart":1683285964902,"navigationStart":1683285964895,"secureConnectionStart":0,"fetchStart":1683285964902,"domContentLoadedEventStart":1683285965166,"responseStart":1683285964910,"domInteractive":1683285964946,"domainLookupEnd":1683285964902,"responseEnd":1683285964913,"redirectStart":0,"requestStart":1683285964908,"unloadEventEnd":0,"unloadEventStart":0,"domLoading":1683285964925,"domComplete":1683285965169,"domainLookupStart":1683285964902,"loadEventStart":1683285965169,"domContentLoadedEventEnd":1683285965166,"loadEventEnd":1683285965169,"redirectEnd":0,"connectEnd":1683285964902},"heap":150508,"metrics":{"Timestamp":22387.901584,"Documents":2,"Frames":2,"JSEventListeners":2232,"Nodes":3156,"LayoutCount":8,"RecalcStyleCount":23,"LayoutDuration":0.050606,"RecalcStyleDuration":0.026821,"ScriptDuration":0.492223,"TaskDuration":1.097055,"JSHeapUsedSize":13128820,"JSHeapTotalSize":15220736}},{"title":"Popup closed","timings":{"connectStart":1683285964902,"navigationStart":1683285964895,"secureConnectionStart":0,"fetchStart":1683285964902,"domContentLoadedEventStart":1683285965166,"responseStart":1683285964910,"domInteractive":1683285964946,"domainLookupEnd":1683285964902,"responseEnd":1683285964913,"redirectStart":0,"requestStart":1683285964908,"unloadEventEnd":0,"unloadEventStart":0,"domLoading":1683285964925,"domComplete":1683285965169,"domainLookupStart":1683285964902,"loadEventStart":1683285965169,"domContentLoadedEventEnd":1683285965166,"loadEventEnd":1683285965169,"redirectEnd":0,"connectEnd":1683285964902},"heap":231971,"metrics":{"Timestamp":22388.924801,"Documents":2,"Frames":2,"JSEventListeners":2233,"Nodes":3182,"LayoutCount":9,"RecalcStyleCount":25,"LayoutDuration":0.061667,"RecalcStyleDuration":0.034046,"ScriptDuration":0.672145,"TaskDuration":2.099554,"JSHeapUsedSize":17745596,"JSHeapTotalSize":19738624}},{"title":"marker clicked","timings":{"connectStart":1683285964902,"navigationStart":1683285964895,"secureConnectionStart":0,"fetchStart":1683285964902,"domContentLoadedEventStart":1683285965166,"responseStart":1683285964910,"domInteractive":1683285964946,"domainLookupEnd":1683285964902,"responseEnd":1683285964913,"redirectStart":0,"requestStart":1683285964908,"unloadEventEnd":0,"unloadEventStart":0,"domLoading":1683285964925,"domComplete":1683285965169,"domainLookupStart":1683285964902,"loadEventStart":1683285965169,"domContentLoadedEventEnd":1683285965166,"loadEventEnd":1683285965169,"redirectEnd":0,"connectEnd":1683285964902},"heap":231960,"metrics":{"Timestamp":22388.592372,"Documents":2,"Frames":2,"JSEventListeners":2233,"Nodes":3182,"LayoutCount":9,"RecalcStyleCount":25,"LayoutDuration":0.061667,"RecalcStyleDuration":0.034046,"ScriptDuration":0.672034,"TaskDuration":1.772445,"JSHeapUsedSize":17839512,"JSHeapTotalSize":19738624}},{"title":"marker2 clicked","timings":{"connectStart":1683285964902,"navigationStart":1683285964895,"secureConnectionStart":0,"fetchStart":1683285964902,"domContentLoadedEventStart":1683285965166,"responseStart":1683285964910,"domInteractive":1683285964946,"domainLookupEnd":1683285964902,"responseEnd":1683285964913,"redirectStart":0,"requestStart":1683285964908,"unloadEventEnd":0,"unloadEventStart":0,"domLoading":1683285964925,"domComplete":1683285965169,"domainLookupStart":1683285964902,"loadEventStart":1683285965169,"domContentLoadedEventEnd":1683285965166,"loadEventEnd":1683285965169,"redirectEnd":0,"connectEnd":1683285964902},"heap":250921,"metrics":{"Timestamp":22389.551531,"Documents":2,"Frames":2,"JSEventListeners":2233,"Nodes":3179,"LayoutCount":10,"RecalcStyleCount":30,"LayoutDuration":0.061789,"RecalcStyleDuration":0.040852,"ScriptDuration":0.823479,"TaskDuration":2.720862,"JSHeapUsedSize":19117680,"JSHeapTotalSize":21389312}},{"title":"input filled","timings":{"connectStart":1683285964902,"navigationStart":1683285964895,"secureConnectionStart":0,"fetchStart":1683285964902,"domContentLoadedEventStart":1683285965166,"responseStart":1683285964910,"domInteractive":1683285964946,"domainLookupEnd":1683285964902,"responseEnd":1683285964913,"redirectStart":0,"requestStart":1683285964908,"unloadEventEnd":0,"unloadEventStart":0,"domLoading":1683285964925,"domComplete":1683285965169,"domainLookupStart":1683285964902,"loadEventStart":1683285965169,"domContentLoadedEventEnd":1683285965166,"loadEventEnd":1683285965169,"redirectEnd":0,"connectEnd":1683285964902},"heap":91194,"metrics":{"Timestamp":22395.583934,"Documents":2,"Frames":2,"JSEventListeners":622,"Nodes":790,"LayoutCount":15,"RecalcStyleCount":39,"LayoutDuration":0.066119,"RecalcStyleDuration":0.054296,"ScriptDuration":1.153306,"TaskDuration":3.386543,"JSHeapUsedSize":10792344,"JSHeapTotalSize":13148160}},{"title":"List selected","timings":{"connectStart":1683285964902,"navigationStart":1683285964895,"secureConnectionStart":0,"fetchStart":1683285964902,"domContentLoadedEventStart":1683285965166,"responseStart":1683285964910,"domInteractive":1683285964946,"domainLookupEnd":1683285964902,"responseEnd":1683285964913,"redirectStart":0,"requestStart":1683285964908,"unloadEventEnd":0,"unloadEventStart":0,"domLoading":1683285964925,"domComplete":1683285965169,"domainLookupStart":1683285964902,"loadEventStart":1683285965169,"domContentLoadedEventEnd":1683285965166,"loadEventEnd":1683285965169,"redirectEnd":0,"connectEnd":1683285964902},"heap":91205,"metrics":{"Timestamp":22395.749017,"Documents":2,"Frames":2,"JSEventListeners":622,"Nodes":790,"LayoutCount":15,"RecalcStyleCount":39,"LayoutDuration":0.066119,"RecalcStyleDuration":0.054296,"ScriptDuration":1.153392,"TaskDuration":3.546682,"JSHeapUsedSize":10726528,"JSHeapTotalSize":12361728}}],"lhrResults":{"lhrScores":{"performance":0.45,"accessibility":0.89,"best-practices":0.83,"seo":0.94,"pwa":0.56}}}